PLZ,Gemeinde
6067,Absam
6215,Achenkirch
6861,Alberschwende
6073,Aldrans
6236,Alpbach
6844,Altach
6070,Ampass
6866,Andelsbuch
6321,Angath
6320,Angerberg
6471,Arzl im Pitztal
6274,Aschau im Zillertal
6883,Au
6371,Aurach bei Kitzbühel
6094,Axams
6654,Bach
6323,Bad Häring
6781,Bartholomäberg
6121,Baumkirchen
6622,Berwang
6874,Bezau
6633,Biberwier
6621,Bichlbach
6731,Bickelwald
6858,Bildstein
6092,Birgitz
6874,Bizau
6723,Blons
6751,Bludenz
6719,Bludesch
6731,Boden
6708,Brand
6290,Brandberg
6234,Brandenberg
6911,Bregenz
6731,Bregenzer
6252,Breitenbach am Inn
6600,Breitenwang
6364,Brixen im Thale
6230,Brixlegg
6260,Bruck am Ziller
6960,Buch
6220,Buch in Tirol
6731,Bühl
6706,Bürs
6707,Bürserberg
6764,Dalaas
6884,Damüls
6933,Doren
6850,Dornbirn
6822,Düns
6822,Dünserberg
6341,Ebbs
6215,Eben am Achensee
6863,Egg
6671,Ehenbichl
6632,Ehrwald
6911,Eichenberg
6653,Elbigenalp
6083,Ellbögen
6352,Ellmau
6644,Elmen
6272,Emberg
6343,Erl
6383,Erpfendorf
6525,Faggen
6731,Faschinastraße
6800,Feldkirch
6528,Fendels
6391,Fieberbrunn
6293,Finkenberg
6533,Fiss
6403,Flaurling
6731,Flecken
6521,Fließ
6572,Flirsch
6733,Fontanella
6670,Forchach
6820,Frastanz
6833,Fraxern
6122,Fritzens
6263,Fügen
6264,Fügenberg
6167,Fulpmes
6973,Fußach
6974,Gaißau
6222,Gallzein
6563,Galtür
6787,Gargellen
6731,Garsella
6794,Gaschurn
6281,Gerlos
6280,Gerlosberg
6295,Ginzling
6069,Gnadenwald
6811,Göfis
6353,Going am Wilden Kaiser
6091,Götzens
6840,Götzis
6650,Gramais
6673,Grän
6156,Gries am Brenner
6182,Gries im Sellrain
6591,Grins
6095,Grinzens
6150,Gschnitz
6433,Haiming
6278,Hainzenberg
6731,Halde
6060,Hall in Tirol
6971,Hard
6265,Hart im Zillertal
6651,Häselgehr
6402,Hatting
6611,Heiterwang
6646,Hinterhornbach
6283,Hippach
6952,Hittisau
6395,Hochfilzen
6973,Höchst
6604,Höfen
6845,Hohenems
6914,Hohenweiler
6654,Holzgau
6361,Hopfgarten im Brixental
6912,Hörbranz
6460,Imst
6492,Imsterberg
6751,Innerbraz
6080,Innsbruck
6401,Inzing
6562,Ischgl
6305,Itter
6200,Jenbach
6474,Jerzens
6373,Jochberg
6691,Jungholz
6655,Kaisers
6272,Kaltenbach
6555,Kappl
6462,Karres
6463,Karrösten
6527,Kaunerberg
6524,Kaunertal
6526,Kauns
6361,Kelchsau
6176,Kematen in Tirol
6921,Kennelbach
6365,Kirchberg in Tirol
6322,Kirchbichl
6383,Kirchdorf in Tirol
6370,Kitzbühel
6833,Klaus
6762,Klösterle
6842,Koblach
6114,Kolsass
6115,Kolsassberg
6345,Kössen
6233,Kramsach
6942,Krumbach
6330,Kufstein
6183,Kühtai
6250,Kundl
6532,Ladis
6500,Landeck
6932,Langen bei Bregenz
6941,Langenegg
6444,Längenfeld
6336,Langkampfen
6072,Lans
6830,Laterns
6923,Lauterach
6764,Lech
6600,Lechaschau
6631,Lermoos
6105,Leutasch
6951,Lingenau
6911,Lochau
6700,Lorüns
6713,Ludesch
6890,Lustenau
6841,Mäder
6324,Mariastein
6143,Matrei am Brenner
6212,Maurach
6295,Mayrhofen
6812,Meiningen
6881,Mellau
6142,Mieders
6414,Mieming
6068,Mils
6493,Mils bei Imst
6993,Mittelberg
6900,Möggers
6423,Mötz
6150,Mühlbachl
6731,Mühle
6232,Münster
6600,Musau
6162,Mutters
6623,Namlos
6465,Nassereith
6161,Natters
6543,Nauders
6145,Navis
6820,Nenzing
6731,Nesler
6672,Nesselwängle
6167,Neustift im Stubaital
6342,Niederndorf
6346,Niederndorferberg
6714,Nüziders
6313,Oberau
6456,Obergurgl
6406,Oberhofen im Inntal
6157,Obernberg am Brenner
6372,Oberndorf in Tirol
6173,Oberperfuss
6416,Obsteig
6433,Oetz
6430,Ötztal-Bahnhof
6082,Patsch
6213,Pertisau
6408,Pettnau
6574,Pettneu am Arlberg
6405,Pfaffenhofen
6647,Pfafflar
6600,Pflach
6143,Pfons
6542,Pfunds
6591,Pians
6136,Pill
6600,Pinswang
6404,Polling in Tirol
6522,Prutz
6241,Radfeld
6741,Raggal
6284,Ramsau im Zillertal
6179,Ranggen
6830,Rankweil
6240,Rattenberg
6370,Reith bei Kitzbühel
6103,Reith bei Seefeld
6260,Reith im Alpbachtal
6347,Rettenschöss
6731,Reutele
6870,Reuthe
6600,Reutte
6531,Ried im Oberinntal
6273,Ried im Zillertal
6943,Riefensberg
6421,Rietz
6991,Riezlern
6074,Rinn
6731,Risana
6280,Rohrberg
6824,Röns
6426,Roppen
6731,Rothenbrunnen
6832,Röthis
6731,Rufana
6063,Rum
6731,Sand
6834,Satteins
6432,Sautens
6108,Scharnitz
6677,Schattwald
6351,Scheffau am Wilden Kaiser
6824,Schlins
6263,Schlitters
6731,Schmiede
6154,Schmirn
6882,Schnepfau
6822,Schnifis
6141,Schönberg im Stubaital
6491,Schönwies
6886,Schoppernau
6888,Schröcken
6780,Schruns
6858,Schwarzach
6867,Schwarzenberg
6130,Schwaz
6292,Schwendau
6385,Schwendt
6334,Schwoich
6555,See
6100,Seefeld in Tirol
6181,Sellrain
6731,Senzaboda
6542,Serfaus
6952,Sibratsgfäll
6782,Silbertal
6424,Silz
6073,Sistrans
6458,Sölden
6351,Söll
6731,Sonntag
6544,Spiss
6580,St. Anton am Arlberg
6771,St. Anton im Montafon
6791,St. Gallenkirch
6722,St. Gerold
6392,St. Jakob in Haus
6380,St. Johann in Tirol
6481,St. Leonhard im Pitztal
6184,St. Sigmund im Sellrain
6393,St. Ulrich am Pillersee
6700,Stallehr
6422,Stams
6200,Stans
6500,Stanz bei Landeck
6642,Stanzach
6767,Steeg
6150,Steinach am Brenner
6215,Steinberg am Rofan
6261,Strass im Zillertal
6571,Strengen
6731,Studa
6275,Stumm
6276,Stummerberg
6832,Sulz
6934,Sulzberg
6675,Tannheim
6464,Tarrenz
6165,Telfes im Stubai
6410,Telfs
6123,Terfens
6065,Thaur
6311,Thierbach
6335,Thiersee
6712,Thüringen
6721,Thüringerberg
6552,Tobadill
6541,Tösens
6152,Trins
6774,Tschagguns
6075,Tulfes
6294,Tux
6834,Übersaxen
6271,Uderns
6441,Umhausen
6178,Unterperfuss
6154,Vals
6773,Vandans
6836,Viktorsberg
6682,Vils
6111,Volders
6176,Völs
6215,Vomp
6645,Vorderhornbach
6384,Waidring
6344,Walchsee
6610,Wängle
6767,Warth
6113,Wattenberg
6112,Wattens
6116,Weer
6133,Weerberg
6837,Weiler
6672,Weißenbach am Lech
6473,Wenns
6363,Westendorf
6210,Wiesing
6413,Wildermieming
6314,Wildschönau
6922,Wolfurt
6300,Wörgl
6511,Zams
6283,Zell am Ziller
6277,Zellberg
6170,Zirl
6677,Zöblen
6835,Zwischenwasser
